Slice,Count,Total Area,Average Size,%Area,Mean
201704_C01_S1_I1,14,0.381,0.027,0.194,255
201704_C01_S1_I1,172,71.725,0.417,36.580,255
201704_C01_S1_I2,7,0.236,0.034,0.120,255
201704_C01_S1_I2,173,58.140,0.336,29.652,255
201704_C01_S1_I3,1,0.013,0.013,0.007,255
201704_C01_S1_I3,191,48.093,0.252,24.528,255
201704_C01_S2_I1,3,0.100,0.033,0.051,255
201704_C01_S2_I1,207,52.668,0.254,26.861,255
201704_C01_S2_I2,2,0.116,0.058,0.059,255
201704_C01_S2_I2,152,42.346,0.279,21.597,255
201704_C01_S2_I3,1,0.021,0.021,0.010,255
201704_C01_S2_I3,143,39.927,0.279,20.363,255
201704_C01_S3_I1,5,0.137,0.027,0.070,255
201704_C01_S3_I1,219,51.183,0.234,26.104,255
201704_C01_S3_I2,3,0.083,0.028,0.043,255
201704_C01_S3_I2,224,38.449,0.172,19.609,255
201704_C01_S3_I3,2,0.045,0.022,0.023,255
201704_C01_S3_I3,203,48.376,0.238,24.672,255
201704_C01_S4_I1,3,0.078,0.026,0.040,255
201704_C01_S4_I1,183,30.390,0.166,15.499,255
201704_C01_S4_I2,8,0.200,0.025,0.102,255
201704_C01_S4_I2,232,37.004,0.160,18.872,255
201704_C01_S4_I3,9,0.681,0.076,0.347,255
201704_C01_S4_I3,227,59.396,0.262,30.292,255
201704_C01_S5_I1,8,0.406,0.051,0.207,255
201704_C01_S5_I1,212,38.943,0.184,19.861,255
201704_C01_S5_I2,12,0.336,0.028,0.171,255
201704_C01_S5_I2,213,40.440,0.190,20.625,255
201704_C01_S5_I3,6,0.093,0.016,0.047,255
201704_C01_S5_I3,193,41.584,0.215,21.208,255
201704_C02_S1_I1,8,0.113,0.014,0.058,255
201704_C02_S1_I1,156,53.816,0.345,27.446,255
201704_C02_S1_I2,6,0.141,0.024,0.072,255
201704_C02_S1_I2,221,55.085,0.249,28.094,255
201704_C02_S1_I3,3,0.077,0.026,0.039,255
201704_C02_S1_I3,105,43.256,0.412,22.061,255
201704_C02_S2_I1,10,0.535,0.053,0.273,255
201704_C02_S2_I1,136,77.160,0.567,39.352,255
201704_C02_S2_I2,3,0.258,0.086,0.131,255
201704_C02_S2_I2,179,49.049,0.274,25.015,255
201704_C02_S2_I3,2,0.164,0.082,0.084,255
201704_C02_S2_I3,156,50.405,0.323,25.707,255
201704_C02_S3_I1,0,0.000,NaN,0.000,NaN
201704_C02_S3_I1,159,41.220,0.259,21.022,255
201704_C02_S3_I2,2,0.061,0.030,0.031,255
201704_C02_S3_I2,227,38.904,0.171,19.841,255
201704_C02_S3_I3,0,0.000,NaN,0.000,NaN
201704_C02_S3_I3,164,34.942,0.213,17.821,255
201704_C02_S4_I1,12,0.560,0.047,0.286,255
201704_C02_S4_I1,239,51.202,0.214,26.113,255
201704_C02_S4_I2,5,0.192,0.038,0.098,255
201704_C02_S4_I2,218,44.596,0.205,22.744,255
201704_C02_S4_I3,4,0.123,0.031,0.063,255
201704_C02_S4_I3,268,43.123,0.161,21.993,255
201704_C02_S5_I1,8,0.164,0.021,0.084,255
201704_C02_S5_I1,188,70.752,0.376,36.084,255
201704_C02_S5_I2,4,0.366,0.091,0.186,255
201704_C02_S5_I2,187,39.408,0.211,20.098,255
201704_C02_S5_I3,1,0.012,0.012,0.006,255
201704_C02_S5_I3,186,38.905,0.209,19.842,255
201704_C03_S1_I1,9,1.159,0.129,0.591,255
201704_C03_S1_I1,81,52.058,0.643,26.550,255
201704_C03_S1_I2,4,0.077,0.019,0.039,255
201704_C03_S1_I2,74,48.710,0.658,24.842,255
201704_C03_S1_I3,13,0.935,0.072,0.477,255
201704_C03_S1_I3,85,81.056,0.954,41.339,255
201704_C03_S2_I1,3,0.221,0.074,0.113,255
201704_C03_S2_I1,157,49.626,0.316,25.310,255
201704_C03_S2_I2,2,0.050,0.025,0.026,255
201704_C03_S2_I2,103,36.649,0.356,18.691,255
201704_C03_S2_I3,3,0.341,0.114,0.174,255
201704_C03_S2_I3,105,45.846,0.437,23.382,255
201704_C03_S3_I1,1,0.018,0.018,0.009,255
201704_C03_S3_I1,195,51.972,0.267,26.506,255
201704_C03_S3_I2,2,0.125,0.062,0.064,255
201704_C03_S3_I2,177,31.199,0.176,15.912,255
201704_C03_S3_I3,7,0.458,0.065,0.233,255
201704_C03_S3_I3,163,58.158,0.357,29.661,255
201704_C03_S4_I1,43,0.954,0.022,0.486,255
201704_C03_S4_I1,269,76.707,0.285,39.121,255
201704_C03_S4_I2,5,0.178,0.036,0.091,255
201704_C03_S4_I2,215,35.217,0.164,17.961,255
201704_C03_S4_I3,48,1.777,0.037,0.906,255
201704_C03_S4_I3,253,68.680,0.271,35.027,255
201704_C03_S5_I1,3,0.065,0.022,0.033,255
201704_C03_S5_I1,221,46.262,0.209,23.594,255
201704_C03_S5_I2,7,0.207,0.030,0.106,255
201704_C03_S5_I2,241,54.779,0.227,27.937,255
201704_C03_S5_I3,3,0.075,0.025,0.038,255
201704_C03_S5_I3,279,52.795,0.189,26.926,255
201704_C04_S1_I1,2,0.993,0.496,0.506,255
201704_C04_S1_I1,177,40.069,0.226,20.435,255
201704_C04_S1_I2,1,0.015,0.015,0.008,255
201704_C04_S1_I2,98,31.385,0.320,16.006,255
201704_C04_S1_I3,2,0.057,0.028,0.029,255
201704_C04_S1_I3,191,45.413,0.238,23.161,255
201704_C04_S2_I1,3,0.047,0.016,0.024,255
201704_C04_S2_I1,171,41.725,0.244,21.280,255
201704_C04_S2_I2,3,0.049,0.016,0.025,255
201704_C04_S2_I2,183,61.836,0.338,31.537,255
201704_C04_S2_I3,7,0.630,0.090,0.321,255
201704_C04_S2_I3,158,64.597,0.409,32.945,255
201704_C04_S3_I1,8,0.240,0.030,0.123,255
201704_C04_S3_I1,186,67.797,0.365,34.577,255
201704_C04_S3_I2,15,0.382,0.025,0.195,255
201704_C04_S3_I2,223,76.207,0.342,38.866,255
201704_C04_S3_I3,0,0.000,NaN,0.000,NaN
201704_C04_S3_I3,217,40.125,0.185,20.464,255
201704_C04_S4_I1,4,0.099,0.025,0.050,255
201704_C04_S4_I1,238,32.958,0.138,16.809,255
201704_C04_S4_I2,5,0.270,0.054,0.138,255
201704_C04_S4_I2,216,30.110,0.139,15.356,255
201704_C04_S4_I3,2,0.028,0.014,0.014,255
201704_C04_S4_I3,241,63.727,0.264,32.501,255
201704_C04_S5_I1,26,0.773,0.030,0.394,255
201704_C04_S5_I1,208,82.695,0.398,42.175,255
201704_C04_S5_I2,11,0.298,0.027,0.152,255
201704_C04_S5_I2,263,64.701,0.246,32.998,255
201704_C04_S5_I3,17,0.449,0.026,0.229,255
201704_C04_S5_I3,251,63.576,0.253,32.424,255
201704_C05_S1_I1,5,0.441,0.088,0.225,255
201704_C05_S1_I1,74,51.098,0.691,26.060,255
201704_C05_S1_I2,1,0.267,0.267,0.136,255
201704_C05_S1_I2,54,40.158,0.744,20.481,255
201704_C05_S1_I3,1,0.026,0.026,0.013,255
201704_C05_S1_I3,66,37.346,0.566,19.047,255
201704_C05_S2_I1,7,0.503,0.072,0.257,255
201704_C05_S2_I1,169,70.037,0.414,35.720,255
201704_C05_S2_I2,3,0.096,0.032,0.049,255
201704_C05_S2_I2,173,57.194,0.331,29.169,255
201704_C05_S2_I3,2,0.033,0.017,0.017,255
201704_C05_S2_I3,145,44.273,0.305,22.579,255
201704_C05_S3_I1,6,0.360,0.060,0.184,255
201704_C05_S3_I1,171,46.037,0.269,23.479,255
201704_C05_S3_I2,6,0.231,0.038,0.118,255
201704_C05_S3_I2,188,52.414,0.279,26.732,255
201704_C05_S3_I3,1,0.016,0.016,0.008,255
201704_C05_S3_I3,180,43.512,0.242,22.192,255
201704_C05_S4_I1,13,0.350,0.027,0.178,255
201704_C05_S4_I1,312,26.812,0.086,13.674,255
201704_C05_S4_I2,194,6.410,0.033,3.269,255
201704_C05_S4_I2,466,73.148,0.157,37.306,255
201704_C05_S4_I3,12,0.401,0.033,0.205,255
201704_C05_S4_I3,293,31.230,0.107,15.928,255
201704_C05_S5_I1,3,0.070,0.023,0.036,255
201704_C05_S5_I1,268,70.130,0.262,35.767,255
201704_C05_S5_I2,12,0.398,0.033,0.203,255
201704_C05_S5_I2,251,81.998,0.327,41.819,255
201704_C05_S5_I3,2,0.061,0.030,0.031,255
201704_C05_S5_I3,246,42.170,0.171,21.507,255
201704_C06_S1_I1,4,1.146,0.287,0.585,255
201704_C06_S1_I1,128,56.116,0.438,28.620,255
201704_C06_S1_I2,7,1.932,0.276,0.985,255
201704_C06_S1_I2,148,76.198,0.515,38.861,255
201704_C06_S1_I3,6,0.212,0.035,0.108,255
201704_C06_S1_I3,165,64.576,0.391,32.934,255
201704_C06_S2_I1,0,0.000,NaN,0.000,NaN
201704_C06_S2_I1,138,40.433,0.293,20.621,255
201704_C06_S2_I2,3,0.188,0.063,0.096,255
201704_C06_S2_I2,186,44.641,0.240,22.767,255
201704_C06_S2_I3,1,0.017,0.017,0.009,255
201704_C06_S2_I3,116,59.491,0.513,30.341,255
201704_C06_S3_I1,24,0.758,0.032,0.387,255
201704_C06_S3_I1,217,89.237,0.411,45.512,255
201704_C06_S3_I2,2,0.047,0.023,0.024,255
201704_C06_S3_I2,156,48.140,0.309,24.552,255
201704_C06_S3_I3,7,0.248,0.035,0.126,255
201704_C06_S3_I3,160,41.692,0.261,21.263,255
201704_C06_S4_I1,14,0.341,0.024,0.174,255
201704_C06_S4_I1,257,72.985,0.284,37.223,255
201704_C06_S4_I2,6,0.143,0.024,0.073,255
201704_C06_S4_I2,238,52.046,0.219,26.544,255
201704_C06_S4_I3,4,0.183,0.046,0.093,255
201704_C06_S4_I3,213,31.375,0.147,16.002,255
201704_C06_S5_I1,28,0.773,0.028,0.394,255
201704_C06_S5_I1,428,47.413,0.111,24.181,255
201704_C06_S5_I2,28,0.693,0.025,0.353,255
201704_C06_S5_I2,387,49.089,0.127,25.035,255
201704_C06_S5_I3,42,1.402,0.033,0.715,255
201704_C06_S5_I3,403,58.577,0.145,29.875,255
201704_C07_S1_I1,2,0.275,0.138,0.140,255
201704_C07_S1_I1,65,55.438,0.853,28.274,255
201704_C07_S1_I2,5,0.649,0.130,0.331,255
201704_C07_S1_I2,71,49.428,0.696,25.209,255
201704_C07_S1_I3,2,0.033,0.017,0.017,255
201704_C07_S1_I3,58,40.911,0.705,20.865,255
201704_C07_S2_I1,0,0.000,NaN,0.000,NaN
201704_C07_S2_I1,66,36.864,0.559,18.801,255
201704_C07_S2_I2,2,0.025,0.013,0.013,255
201704_C07_S2_I2,105,43.385,0.413,22.126,255
201704_C07_S2_I3,1,0.123,0.123,0.063,255
201704_C07_S2_I3,142,46.581,0.328,23.756,255
201704_C07_S3_I1,6,0.232,0.039,0.118,255
201704_C07_S3_I1,245,65.308,0.267,33.307,255
201704_C07_S3_I2,0,0.000,NaN,0.000,NaN
201704_C07_S3_I2,176,58.203,0.331,29.684,255
201704_C07_S3_I3,0,0.000,NaN,0.000,NaN
201704_C07_S3_I3,147,53.009,0.361,27.035,255
201704_C07_S4_I1,24,0.975,0.041,0.497,255
201704_C07_S4_I1,333,60.955,0.183,31.087,255
201704_C07_S4_I2,9,0.287,0.032,0.146,255
201704_C07_S4_I2,244,41.241,0.169,21.033,255
201704_C07_S4_I3,11,0.485,0.044,0.247,255
201704_C07_S4_I3,214,49.382,0.231,25.185,255
201704_C07_S5_I1,21,0.535,0.025,0.273,255
201704_C07_S5_I1,251,28.882,0.115,14.730,255
201704_C07_S5_I2,64,1.443,0.023,0.736,255
201704_C07_S5_I2,369,69.932,0.190,35.666,255
201704_C07_S5_I3,80,2.152,0.027,1.098,255
201704_C07_S5_I3,413,64.562,0.156,32.927,255
201704_C08_S1_I1,10,0.872,0.087,0.445,255
201704_C08_S1_I1,122,65.675,0.538,33.494,255
201704_C08_S1_I2,6,1.392,0.232,0.710,255
201704_C08_S1_I2,64,31.730,0.496,16.182,255
201704_C08_S1_I3,2,0.037,0.019,0.019,255
201704_C08_S1_I3,81,48.282,0.596,24.624,255
201704_C08_S2_I1,1,0.140,0.140,0.071,255
201704_C08_S2_I1,113,38.812,0.343,19.794,255
201704_C08_S2_I2,2,0.435,0.217,0.222,255
201704_C08_S2_I2,92,53.979,0.587,27.529,255
201704_C08_S2_I3,0,0.000,NaN,0.000,NaN
201704_C08_S2_I3,111,52.656,0.474,26.855,255
201704_C08_S3_I1,4,0.192,0.048,0.098,255
201704_C08_S3_I1,204,67.197,0.329,34.271,255
201704_C08_S3_I2,2,0.741,0.370,0.378,255
201704_C08_S3_I2,198,64.852,0.328,33.075,255
201704_C08_S3_I3,2,0.033,0.017,0.017,255
201704_C08_S3_I3,159,41.097,0.258,20.960,255
201704_C08_S4_I1,8,0.413,0.052,0.211,255
201704_C08_S4_I1,154,31.978,0.208,16.309,255
201704_C08_S4_I2,24,0.792,0.033,0.404,255
201704_C08_S4_I2,229,62.113,0.271,31.678,255
201704_C08_S4_I3,71,1.815,0.026,0.926,255
201704_C08_S4_I3,255,76.724,0.301,39.130,255
201704_C08_S5_I1,15,0.423,0.028,0.216,255
201704_C08_S5_I1,312,58.967,0.189,30.074,255
201704_C08_S5_I2,35,1.039,0.030,0.530,255
201704_C08_S5_I2,479,58.986,0.123,30.083,255
201704_C08_S5_I3,13,0.277,0.021,0.141,255
201704_C08_S5_I3,377,49.308,0.131,25.147,255
201704_C09_S1_I1,12,0.375,0.031,0.191,255
201704_C09_S1_I1,120,69.707,0.581,35.551,255
201704_C09_S1_I2,1,0.016,0.016,0.008,255
201704_C09_S1_I2,182,39.742,0.218,20.269,255
201704_C09_S1_I3,2,0.091,0.045,0.046,255
201704_C09_S1_I3,151,45.626,0.302,23.270,255
201704_C09_S2_I1,3,0.434,0.145,0.221,255
201704_C09_S2_I1,86,43.237,0.503,22.051,255
201704_C09_S2_I2,2,0.065,0.032,0.033,255
201704_C09_S2_I2,149,45.492,0.305,23.201,255
201704_C09_S2_I3,1,0.219,0.219,0.112,255
201704_C09_S2_I3,147,37.901,0.258,19.330,255
201704_C09_S3_I1,1,0.020,0.020,0.010,255
201704_C09_S3_I1,190,41.439,0.218,21.134,255
201704_C09_S3_I2,0,0.000,NaN,0.000,NaN
201704_C09_S3_I2,165,28.081,0.170,14.321,255
201704_C09_S3_I3,1,0.035,0.035,0.018,255
201704_C09_S3_I3,147,28.595,0.195,14.583,255
201704_C09_S4_I1,42,1.141,0.027,0.582,255
201704_C09_S4_I1,296,72.320,0.244,36.884,255
201704_C09_S4_I2,9,0.183,0.020,0.093,255
201704_C09_S4_I2,254,47.624,0.187,24.289,255
201704_C09_S4_I3,7,0.298,0.043,0.152,255
201704_C09_S4_I3,261,60.113,0.230,30.658,255
201704_C09_S5_I1,20,0.405,0.020,0.207,255
201704_C09_S5_I1,428,49.145,0.115,25.064,255
201704_C09_S5_I2,11,0.458,0.042,0.233,255
201704_C09_S5_I2,346,53.745,0.155,27.410,255
201704_C09_S5_I3,12,0.397,0.033,0.202,255
201704_C09_S5_I3,229,33.194,0.145,16.929,255
201704_C10_S1_I1,2,0.092,0.046,0.047,255
201704_C10_S1_I1,127,53.073,0.418,27.068,255
201704_C10_S1_I2,1,0.019,0.019,0.009,255
201704_C10_S1_I2,81,38.747,0.478,19.761,255
201704_C10_S1_I3,1,0.020,0.020,0.010,255
201704_C10_S1_I3,106,39.243,0.370,20.014,255
201704_C10_S2_I1,5,0.117,0.023,0.060,255
201704_C10_S2_I1,193,58.584,0.304,29.878,255
201704_C10_S2_I2,7,0.225,0.032,0.115,255
201704_C10_S2_I2,181,49.551,0.274,25.271,255
201704_C10_S2_I3,3,0.047,0.016,0.024,255
201704_C10_S2_I3,178,47.836,0.269,24.397,255
201704_C10_S3_I1,3,0.144,0.048,0.073,255
201704_C10_S3_I1,176,59.902,0.340,30.551,255
201704_C10_S3_I2,1,0.028,0.028,0.015,255
201704_C10_S3_I2,150,55.289,0.369,28.198,255
201704_C10_S3_I3,2,0.140,0.070,0.071,255
201704_C10_S3_I3,145,57.881,0.399,29.520,255
201704_C10_S4_I1,39,0.761,0.020,0.388,255
201704_C10_S4_I1,346,63.247,0.183,32.256,255
201704_C10_S4_I2,8,0.379,0.047,0.193,255
201704_C10_S4_I2,268,53.235,0.199,27.150,255
201704_C10_S4_I3,3,0.096,0.032,0.049,255
201704_C10_S4_I3,185,21.372,0.116,10.900,255
201704_C10_S5_I1,3,0.110,0.037,0.056,255
201704_C10_S5_I1,268,48.509,0.181,24.740,255
201704_C10_S5_I2,5,0.137,0.027,0.070,255
201704_C10_S5_I2,290,52.001,0.179,26.521,255
201704_C10_S5_I3,0,0.000,NaN,0.000,NaN
201704_C10_S5_I3,201,44.801,0.223,22.849,255
201704_C11_S1_I1,2,0.151,0.075,0.077,255
201704_C11_S1_I1,93,66.014,0.710,33.667,255
201704_C11_S1_I2,5,1.581,0.316,0.807,255
201704_C11_S1_I2,55,43.865,0.798,22.371,255
201704_C11_S1_I3,3,1.347,0.449,0.687,255
201704_C11_S1_I3,55,57.802,1.051,29.479,255
201704_C11_S2_I1,2,0.157,0.078,0.080,255
201704_C11_S2_I1,171,57.966,0.339,29.563,255
201704_C11_S2_I2,2,0.111,0.055,0.057,255
201704_C11_S2_I2,180,61.526,0.342,31.379,255
201704_C11_S2_I3,1,0.012,0.012,0.006,255
201704_C11_S2_I3,120,61.179,0.510,31.201,255
201704_C11_S3_I1,1,0.021,0.021,0.011,255
201704_C11_S3_I1,235,47.677,0.203,24.316,255
201704_C11_S3_I2,3,0.081,0.027,0.041,255
201704_C11_S3_I2,209,66.937,0.320,34.138,255
201704_C11_S3_I3,0,0.000,NaN,0.000,NaN
201704_C11_S3_I3,136,48.514,0.357,24.743,255
201704_C11_S4_I1,3,0.055,0.018,0.028,255
201704_C11_S4_I1,313,29.101,0.093,14.842,255
201704_C11_S4_I2,36,0.885,0.025,0.451,255
201704_C11_S4_I2,543,54.604,0.101,27.848,255
201704_C11_S4_I3,12,0.310,0.026,0.158,255
201704_C11_S4_I3,422,39.196,0.093,19.990,255
201704_C11_S5_I1,3,0.070,0.023,0.035,255
201704_C11_S5_I1,311,38.753,0.125,19.764,255
201704_C11_S5_I2,0,0.000,NaN,0.000,NaN
201704_C11_S5_I2,298,32.475,0.109,16.563,255
201704_C11_S5_I3,4,0.078,0.020,0.040,255
201704_C11_S5_I3,234,26.881,0.115,13.710,255
201704_T01_S1_I1,1,0.018,0.018,0.009,255
201704_T01_S1_I1,119,13.652,0.115,6.963,255
201704_T01_S1_I1,1,0.018,0.018,0.009,255
201704_T01_S1_I1,119,13.652,0.115,6.963,255
201704_T01_S1_I2,0,0.000,NaN,0.000,NaN
201704_T01_S1_I2,140,12.260,0.088,6.252,255
201704_T01_S1_I2,0,0.000,NaN,0.000,NaN
201704_T01_S1_I2,140,12.260,0.088,6.252,255
201704_T01_S1_I3,1,0.014,0.014,0.007,255
201704_T01_S1_I3,118,11.160,0.095,5.692,255
201704_T01_S1_I3,1,0.014,0.014,0.007,255
201704_T01_S1_I3,118,11.160,0.095,5.692,255
201704_T01_S2_I1,0,0.000,NaN,0.000,NaN
201704_T01_S2_I1,113,13.888,0.123,7.083,255
201704_T01_S2_I1,0,0.000,NaN,0.000,NaN
201704_T01_S2_I1,113,13.888,0.123,7.083,255
201704_T01_S2_I2,2,0.132,0.066,0.067,255
201704_T01_S2_I2,114,15.745,0.138,8.030,255
201704_T01_S2_I2,2,0.132,0.066,0.067,255
201704_T01_S2_I2,114,15.745,0.138,8.030,255
201704_T01_S2_I3,5,0.122,0.024,0.062,255
201704_T01_S2_I3,123,10.929,0.089,5.574,255
201704_T01_S2_I3,5,0.122,0.024,0.062,255
201704_T01_S2_I3,123,10.929,0.089,5.574,255
201704_T01_S3_I1,11,0.232,0.021,0.118,255
201704_T01_S3_I1,168,16.911,0.101,8.625,255
201704_T01_S3_I1,11,0.232,0.021,0.118,255
201704_T01_S3_I1,168,16.911,0.101,8.625,255
201704_T01_S3_I2,3,0.158,0.053,0.081,255
201704_T01_S3_I2,161,10.709,0.067,5.462,255
201704_T01_S3_I2,3,0.158,0.053,0.081,255
201704_T01_S3_I2,161,10.709,0.067,5.462,255
201704_T01_S3_I3,10,0.556,0.056,0.284,255
201704_T01_S3_I3,149,21.506,0.144,10.968,255
201704_T01_S3_I3,10,0.556,0.056,0.284,255
201704_T01_S3_I3,149,21.506,0.144,10.968,255
201704_T01_S4_I1,4,0.099,0.025,0.051,255
201704_T01_S4_I1,131,11.596,0.089,5.914,255
201704_T01_S4_I1,4,0.099,0.025,0.051,255
201704_T01_S4_I1,131,11.596,0.089,5.914,255
201704_T01_S4_I2,3,0.088,0.029,0.045,255
201704_T01_S4_I2,137,10.771,0.079,5.493,255
201704_T01_S4_I2,3,0.088,0.029,0.045,255
201704_T01_S4_I2,137,10.771,0.079,5.493,255
201704_T01_S4_I3,2,0.040,0.020,0.020,255
201704_T01_S4_I3,135,10.721,0.079,5.468,255
201704_T01_S4_I3,2,0.040,0.020,0.020,255
201704_T01_S4_I3,135,10.721,0.079,5.468,255
201704_T01_S5_I1,16,0.690,0.043,0.352,255
201704_T01_S5_I1,286,18.636,0.065,9.504,255
201704_T01_S5_I1,16,0.690,0.043,0.352,255
201704_T01_S5_I1,286,18.636,0.065,9.504,255
201704_T01_S5_I2,6,0.161,0.027,0.082,255
201704_T01_S5_I2,356,26.454,0.074,13.492,255
201704_T01_S5_I2,6,0.161,0.027,0.082,255
201704_T01_S5_I2,356,26.454,0.074,13.492,255
201704_T01_S5_I3,20,0.582,0.029,0.297,255
201704_T01_S5_I3,388,32.573,0.084,16.612,255
201704_T01_S5_I3,20,0.582,0.029,0.297,255
201704_T01_S5_I3,388,32.573,0.084,16.612,255
201704_T02_S1_I1,3,0.050,0.017,0.026,255
201704_T02_S1_I1,98,21.484,0.219,10.957,255
201704_T02_S1_I1,3,0.050,0.017,0.026,255
201704_T02_S1_I1,98,21.484,0.219,10.957,255
201704_T02_S1_I2,2,0.118,0.059,0.060,255
201704_T02_S1_I2,131,20.114,0.154,10.258,255
201704_T02_S1_I2,2,0.118,0.059,0.060,255
201704_T02_S1_I2,131,20.114,0.154,10.258,255
201704_T02_S1_I3,1,0.018,0.018,0.009,255
201704_T02_S1_I3,140,20.810,0.149,10.613,255
201704_T02_S1_I3,1,0.018,0.018,0.009,255
201704_T02_S1_I3,140,20.810,0.149,10.613,255
201704_T02_S2_I1,1,0.020,0.020,0.010,255
201704_T02_S2_I1,88,8.389,0.095,4.278,255
201704_T02_S2_I1,1,0.020,0.020,0.010,255
201704_T02_S2_I1,88,8.389,0.095,4.278,255
201704_T02_S2_I2,2,0.058,0.029,0.030,255
201704_T02_S2_I2,72,8.986,0.125,4.583,255
201704_T02_S2_I2,2,0.058,0.029,0.030,255
201704_T02_S2_I2,72,8.986,0.125,4.583,255
201704_T02_S2_I3,3,0.189,0.063,0.096,255
201704_T02_S2_I3,100,9.151,0.092,4.667,255
201704_T02_S2_I3,3,0.189,0.063,0.096,255
201704_T02_S2_I3,100,9.151,0.092,4.667,255
201704_T02_S3_I1,0,0.000,NaN,0.000,NaN
201704_T02_S3_I1,95,8.624,0.091,4.398,255
201704_T02_S3_I1,0,0.000,NaN,0.000,NaN
201704_T02_S3_I1,95,8.624,0.091,4.398,255
201704_T02_S3_I2,2,0.140,0.070,0.071,255
201704_T02_S3_I2,147,19.135,0.130,9.759,255
201704_T02_S3_I2,2,0.140,0.070,0.071,255
201704_T02_S3_I2,147,19.135,0.130,9.759,255
201704_T02_S3_I3,1,0.197,0.197,0.100,255
201704_T02_S3_I3,149,14.308,0.096,7.297,255
201704_T02_S3_I3,1,0.197,0.197,0.100,255
201704_T02_S3_I3,149,14.308,0.096,7.297,255
201704_T02_S4_I1,3,0.130,0.043,0.066,255
201704_T02_S4_I1,210,14.318,0.068,7.302,255
201704_T02_S4_I1,3,0.130,0.043,0.066,255
201704_T02_S4_I1,210,14.318,0.068,7.302,255
201704_T02_S4_I2,2,0.049,0.025,0.025,255
201704_T02_S4_I2,187,15.483,0.083,7.897,255
201704_T02_S4_I2,2,0.049,0.025,0.025,255
201704_T02_S4_I2,187,15.483,0.083,7.897,255
201704_T02_S4_I3,3,0.069,0.023,0.035,255
201704_T02_S4_I3,186,14.337,0.077,7.312,255
201704_T02_S4_I3,3,0.069,0.023,0.035,255
201704_T02_S4_I3,186,14.337,0.077,7.312,255
201704_T02_S5_I1,10,0.258,0.026,0.131,255
201704_T02_S5_I1,301,19.862,0.066,10.130,255
201704_T02_S5_I1,10,0.258,0.026,0.131,255
201704_T02_S5_I1,301,19.862,0.066,10.130,255
201704_T02_S5_I2,1,0.028,0.028,0.014,255
201704_T02_S5_I2,188,17.717,0.094,9.036,255
201704_T02_S5_I2,1,0.028,0.028,0.014,255
201704_T02_S5_I2,188,17.717,0.094,9.036,255
201704_T02_S5_I3,14,0.326,0.023,0.166,255
201704_T02_S5_I3,265,22.983,0.087,11.722,255
201704_T02_S5_I3,14,0.326,0.023,0.166,255
201704_T02_S5_I3,265,22.983,0.087,11.722,255
201704_T03_S1_I1,0,0.000,NaN,0.000,NaN
201704_T03_S1_I1,147,15.583,0.106,7.947,255
201704_T03_S1_I1,0,0.000,NaN,0.000,NaN
201704_T03_S1_I1,147,15.583,0.106,7.947,255
201704_T03_S1_I2,0,0.000,NaN,0.000,NaN
201704_T03_S1_I2,60,8.685,0.145,4.429,255
201704_T03_S1_I2,0,0.000,NaN,0.000,NaN
201704_T03_S1_I2,60,8.685,0.145,4.429,255
201704_T03_S1_I3,2,0.062,0.031,0.031,255
201704_T03_S1_I3,180,28.394,0.158,14.481,255
201704_T03_S1_I3,2,0.062,0.031,0.031,255
201704_T03_S1_I3,180,28.394,0.158,14.481,255
201704_T03_S2_I1,2,0.055,0.028,0.028,255
201704_T03_S2_I1,160,14.949,0.093,7.624,255
201704_T03_S2_I1,2,0.055,0.028,0.028,255
201704_T03_S2_I1,160,14.949,0.093,7.624,255
201704_T03_S2_I2,1,0.059,0.059,0.030,255
201704_T03_S2_I2,141,21.812,0.155,11.124,255
201704_T03_S2_I2,1,0.059,0.059,0.030,255
201704_T03_S2_I2,141,21.812,0.155,11.124,255
201704_T03_S2_I3,2,0.414,0.207,0.211,255
201704_T03_S2_I3,154,20.400,0.132,10.404,255
201704_T03_S2_I3,2,0.414,0.207,0.211,255
201704_T03_S2_I3,154,20.400,0.132,10.404,255
201704_T03_S3_I1,4,0.076,0.019,0.039,255
201704_T03_S3_I1,171,12.039,0.070,6.140,255
201704_T03_S3_I1,4,0.076,0.019,0.039,255
201704_T03_S3_I1,171,12.039,0.070,6.140,255
201704_T03_S3_I2,1,0.026,0.026,0.013,255
201704_T03_S3_I2,113,7.665,0.068,3.909,255
201704_T03_S3_I2,1,0.026,0.026,0.013,255
201704_T03_S3_I2,113,7.665,0.068,3.909,255
201704_T03_S3_I3,2,0.055,0.028,0.028,255
201704_T03_S3_I3,105,5.875,0.056,2.996,255
201704_T03_S3_I3,2,0.055,0.028,0.028,255
201704_T03_S3_I3,105,5.875,0.056,2.996,255
201704_T03_S4_I1,3,0.056,0.019,0.029,255
201704_T03_S4_I1,96,10.641,0.111,5.427,255
201704_T03_S4_I1,3,0.056,0.019,0.029,255
201704_T03_S4_I1,96,10.641,0.111,5.427,255
201704_T03_S4_I2,4,0.209,0.052,0.106,255
201704_T03_S4_I2,163,14.644,0.090,7.469,255
201704_T03_S4_I2,4,0.209,0.052,0.106,255
201704_T03_S4_I2,163,14.644,0.090,7.469,255
201704_T03_S4_I3,4,0.120,0.030,0.061,255
201704_T03_S4_I3,167,14.530,0.087,7.411,255
201704_T03_S4_I3,4,0.120,0.030,0.061,255
201704_T03_S4_I3,167,14.530,0.087,7.411,255
201704_T03_S5_I1,8,0.333,0.042,0.170,255
201704_T03_S5_I1,299,24.991,0.084,12.746,255
201704_T03_S5_I1,8,0.333,0.042,0.170,255
201704_T03_S5_I1,299,24.991,0.084,12.746,255
201704_T03_S5_I2,6,0.116,0.019,0.059,255
201704_T03_S5_I2,244,17.317,0.071,8.832,255
201704_T03_S5_I2,6,0.116,0.019,0.059,255
201704_T03_S5_I2,244,17.317,0.071,8.832,255
201704_T03_S5_I3,10,0.226,0.023,0.115,255
201704_T03_S5_I3,267,19.391,0.073,9.890,255
201704_T03_S5_I3,10,0.226,0.023,0.115,255
201704_T03_S5_I3,267,19.391,0.073,9.890,255
201704_T04_S1_I1,1,0.019,0.019,0.010,255
201704_T04_S1_I1,93,8.682,0.093,4.428,255
201704_T04_S1_I1,1,0.019,0.019,0.010,255
201704_T04_S1_I1,93,8.682,0.093,4.428,255
201704_T04_S1_I2,0,0.000,NaN,0.000,NaN
201704_T04_S1_I2,160,13.469,0.084,6.869,255
201704_T04_S1_I2,0,0.000,NaN,0.000,NaN
201704_T04_S1_I2,160,13.469,0.084,6.869,255
201704_T04_S1_I3,2,0.047,0.023,0.024,255
201704_T04_S1_I3,152,20.376,0.134,10.392,255
201704_T04_S1_I3,2,0.047,0.023,0.024,255
201704_T04_S1_I3,152,20.376,0.134,10.392,255
201704_T04_S2_I1,0,0.000,NaN,0.000,NaN
201704_T04_S2_I1,61,17.615,0.289,8.984,255
201704_T04_S2_I1,0,0.000,NaN,0.000,NaN
201704_T04_S2_I1,61,17.615,0.289,8.984,255
201704_T04_S2_I2,1,0.035,0.035,0.018,255
201704_T04_S2_I2,100,23.192,0.232,11.828,255
201704_T04_S2_I2,1,0.035,0.035,0.018,255
201704_T04_S2_I2,100,23.192,0.232,11.828,255
201704_T04_S2_I3,0,0.000,NaN,0.000,NaN
201704_T04_S2_I3,63,16.730,0.266,8.532,255
201704_T04_S2_I3,0,0.000,NaN,0.000,NaN
201704_T04_S2_I3,63,16.730,0.266,8.532,255
201704_T04_S3_I1,0,0.000,NaN,0.000,NaN
201704_T04_S3_I1,195,19.386,0.099,9.887,255
201704_T04_S3_I1,0,0.000,NaN,0.000,NaN
201704_T04_S3_I1,195,19.386,0.099,9.887,255
201704_T04_S3_I2,1,0.025,0.025,0.013,255
201704_T04_S3_I2,105,11.635,0.111,5.934,255
201704_T04_S3_I2,1,0.025,0.025,0.013,255
201704_T04_S3_I2,105,11.635,0.111,5.934,255
201704_T04_S3_I3,4,0.529,0.132,0.270,255
201704_T04_S3_I3,134,14.451,0.108,7.370,255
201704_T04_S3_I3,4,0.529,0.132,0.270,255
201704_T04_S3_I3,134,14.451,0.108,7.370,255
201704_T04_S4_I1,0,0.000,NaN,0.000,NaN
201704_T04_S4_I1,75,5.242,0.070,2.673,255
201704_T04_S4_I1,0,0.000,NaN,0.000,NaN
201704_T04_S4_I1,75,5.242,0.070,2.673,255
201704_T04_S4_I2,3,0.138,0.046,0.070,255
201704_T04_S4_I2,65,5.318,0.082,2.712,255
201704_T04_S4_I2,3,0.138,0.046,0.070,255
201704_T04_S4_I2,65,5.318,0.082,2.712,255
201704_T04_S4_I3,3,0.083,0.028,0.042,255
201704_T04_S4_I3,96,6.082,0.063,3.102,255
201704_T04_S4_I3,3,0.083,0.028,0.042,255
201704_T04_S4_I3,96,6.082,0.063,3.102,255
201704_T04_S5_I1,0,0.000,NaN,0.000,NaN
201704_T04_S5_I1,85,6.851,0.081,3.494,255
201704_T04_S5_I1,0,0.000,NaN,0.000,NaN
201704_T04_S5_I1,85,6.851,0.081,3.494,255
201704_T04_S5_I2,16,0.381,0.024,0.194,255
201704_T04_S5_I2,139,7.767,0.056,3.961,255
201704_T04_S5_I2,16,0.381,0.024,0.194,255
201704_T04_S5_I2,139,7.767,0.056,3.961,255
201704_T04_S5_I3,9,0.286,0.032,0.146,255
201704_T04_S5_I3,114,5.743,0.050,2.929,255
201704_T04_S5_I3,9,0.286,0.032,0.146,255
201704_T04_S5_I3,114,5.743,0.050,2.929,255
201704_T05_S1_I1,1,0.024,0.024,0.012,255
201704_T05_S1_I1,74,10.313,0.139,5.260,255
201704_T05_S1_I1,1,0.024,0.024,0.012,255
201704_T05_S1_I1,74,10.313,0.139,5.260,255
201704_T05_S1_I2,1,0.016,0.016,0.008,255
201704_T05_S1_I2,89,11.779,0.132,6.008,255
201704_T05_S1_I2,1,0.016,0.016,0.008,255
201704_T05_S1_I2,89,11.779,0.132,6.008,255
201704_T05_S1_I3,5,0.577,0.115,0.294,255
201704_T05_S1_I3,87,6.130,0.070,3.126,255
201704_T05_S1_I3,5,0.577,0.115,0.294,255
201704_T05_S1_I3,87,6.130,0.070,3.126,255
201704_T05_S2_I1,1,0.103,0.103,0.053,255
201704_T05_S2_I1,64,4.765,0.074,2.430,255
201704_T05_S2_I1,1,0.103,0.103,0.053,255
201704_T05_S2_I1,64,4.765,0.074,2.430,255
201704_T05_S2_I2,0,0.000,NaN,0.000,NaN
201704_T05_S2_I2,60,7.193,0.120,3.668,255
201704_T05_S2_I2,0,0.000,NaN,0.000,NaN
201704_T05_S2_I2,60,7.193,0.120,3.668,255
201704_T05_S2_I3,0,0.000,NaN,0.000,NaN
201704_T05_S2_I3,89,10.034,0.113,5.118,255
201704_T05_S2_I3,0,0.000,NaN,0.000,NaN
201704_T05_S2_I3,89,10.034,0.113,5.118,255
201704_T05_S3_I1,1,0.023,0.023,0.012,255
201704_T05_S3_I1,102,7.955,0.078,4.057,255
201704_T05_S3_I1,1,0.023,0.023,0.012,255
201704_T05_S3_I1,102,7.955,0.078,4.057,255
201704_T05_S3_I2,0,0.000,NaN,0.000,NaN
201704_T05_S3_I2,76,6.075,0.080,3.098,255
201704_T05_S3_I2,0,0.000,NaN,0.000,NaN
201704_T05_S3_I2,76,6.075,0.080,3.098,255
201704_T05_S3_I3,0,0.000,NaN,0.000,NaN
201704_T05_S3_I3,74,7.842,0.106,3.999,255
201704_T05_S3_I3,0,0.000,NaN,0.000,NaN
201704_T05_S3_I3,74,7.842,0.106,3.999,255
201704_T05_S4_I1,2,0.114,0.057,0.058,255
201704_T05_S4_I1,34,5.227,0.154,2.666,255
201704_T05_S4_I1,2,0.114,0.057,0.058,255
201704_T05_S4_I1,34,5.227,0.154,2.666,255
201704_T05_S4_I2,3,0.080,0.027,0.041,255
201704_T05_S4_I2,38,6.083,0.160,3.102,255
201704_T05_S4_I2,3,0.080,0.027,0.041,255
201704_T05_S4_I2,38,6.083,0.160,3.102,255
201704_T05_S4_I3,3,0.061,0.020,0.031,255
201704_T05_S4_I3,102,18.418,0.181,9.393,255
201704_T05_S4_I3,3,0.061,0.020,0.031,255
201704_T05_S4_I3,102,18.418,0.181,9.393,255
201704_T05_S5_I1,0,0.000,NaN,0.000,NaN
201704_T05_S5_I1,44,2.674,0.061,1.364,255
201704_T05_S5_I1,0,0.000,NaN,0.000,NaN
201704_T05_S5_I1,44,2.674,0.061,1.364,255
201704_T05_S5_I2,1,0.059,0.059,0.030,255
201704_T05_S5_I2,39,2.940,0.075,1.500,255
201704_T05_S5_I2,1,0.059,0.059,0.030,255
201704_T05_S5_I2,39,2.940,0.075,1.500,255
201704_T05_S5_I3,0,0.000,NaN,0.000,NaN
201704_T05_S5_I3,40,4.674,0.117,2.384,255
201704_T05_S5_I3,0,0.000,NaN,0.000,NaN
201704_T05_S5_I3,40,4.674,0.117,2.384,255
201704_T06_S1_I1,0,0.000,NaN,0.000,NaN
201704_T06_S1_I1,29,3.074,0.106,1.568,255
201704_T06_S1_I1,0,0.000,NaN,0.000,NaN
201704_T06_S1_I1,29,3.074,0.106,1.568,255
201704_T06_S1_I2,0,0.000,NaN,0.000,NaN
201704_T06_S1_I2,42,5.290,0.126,2.698,255
201704_T06_S1_I2,0,0.000,NaN,0.000,NaN
201704_T06_S1_I2,42,5.290,0.126,2.698,255
201704_T06_S1_I3,0,0.000,NaN,0.000,NaN
201704_T06_S1_I3,17,4.323,0.254,2.205,255
201704_T06_S1_I3,0,0.000,NaN,0.000,NaN
201704_T06_S1_I3,17,4.323,0.254,2.205,255
201704_T06_S2_I1,9,0.139,0.015,0.071,255
201704_T06_S2_I1,269,58.131,0.216,29.647,255
201704_T06_S2_I2,3,0.061,0.020,0.031,255
201704_T06_S2_I2,134,50.671,0.378,25.842,255
201704_T06_S2_I3,9,1.140,0.127,0.581,255
201704_T06_S2_I3,136,51.028,0.375,26.024,255
201704_T06_S3_I1,1,0.012,0.012,0.006,255
201704_T06_S3_I1,137,45.667,0.333,23.291,255
201704_T06_S3_I2,4,0.300,0.075,0.153,255
201704_T06_S3_I2,102,70.575,0.692,35.993,255
201704_T06_S3_I3,5,0.210,0.042,0.107,255
201704_T06_S3_I3,130,43.436,0.334,22.152,255
201704_T06_S4_I1,11,0.501,0.046,0.255,255
201704_T06_S4_I1,200,53.516,0.268,27.294,255
201704_T06_S4_I2,6,0.193,0.032,0.098,255
201704_T06_S4_I2,206,30.513,0.148,15.562,255
201704_T06_S4_I3,11,0.541,0.049,0.276,255
201704_T06_S4_I3,286,46.278,0.162,23.602,255
201704_T06_S5_I1,7,0.256,0.037,0.131,255
201704_T06_S5_I1,213,48.941,0.230,24.960,255
201704_T06_S5_I2,33,1.057,0.032,0.539,255
201704_T06_S5_I2,311,69.159,0.222,35.271,255
201704_T06_S5_I3,4,0.154,0.039,0.079,255
201704_T06_S5_I3,209,14.393,0.069,7.341,255
201704_T07_S1_I1,4,0.054,0.014,0.028,255
201704_T07_S1_I1,174,34.496,0.198,17.593,255
201704_T07_S1_I2,2,1.050,0.525,0.536,255
201704_T07_S1_I2,83,29.693,0.358,15.144,255
201704_T07_S1_I3,0,0.000,NaN,0.000,NaN
201704_T07_S1_I3,83,33.305,0.401,16.986,255
201704_T07_S2_I1,0,0.000,NaN,0.000,NaN
201704_T07_S2_I1,103,25.465,0.247,12.987,255
201704_T07_S2_I2,1,0.018,0.018,0.009,255
201704_T07_S2_I2,113,33.835,0.299,17.256,255
201704_T07_S2_I3,1,0.011,0.011,0.005,255
201704_T07_S2_I3,97,25.193,0.260,12.849,255
201704_T07_S3_I1,0,0.000,NaN,0.000,NaN
201704_T07_S3_I1,88,15.174,0.172,7.739,255
201704_T07_S3_I2,0,0.000,NaN,0.000,NaN
201704_T07_S3_I2,96,13.949,0.145,7.114,255
201704_T07_S3_I3,1,0.228,0.228,0.116,255
201704_T07_S3_I3,105,12.513,0.119,6.382,255
201704_T07_S4_I1,1,0.026,0.026,0.013,255
201704_T07_S4_I1,122,21.402,0.175,10.915,255
201704_T07_S4_I2,4,0.118,0.030,0.060,255
201704_T07_S4_I2,114,17.893,0.157,9.125,255
201704_T07_S4_I3,0,0.000,NaN,0.000,NaN
201704_T07_S4_I3,105,11.111,0.106,5.667,255
201704_T07_S5_I1,5,0.114,0.023,0.058,255
201704_T07_S5_I1,275,53.271,0.194,27.168,255
201704_T07_S5_I2,2,0.032,0.016,0.016,255
201704_T07_S5_I2,197,25.312,0.128,12.909,255
201704_T07_S5_I3,21,0.554,0.026,0.283,255
201704_T07_S5_I3,338,50.619,0.150,25.816,255
201704_T08_S1_I1,6,0.328,0.055,0.167,255
201704_T08_S1_I1,116,53.327,0.460,27.197,255
201704_T08_S1_I2,8,0.476,0.059,0.243,255
201704_T08_S1_I2,87,56.980,0.655,29.060,255
201704_T08_S1_I3,2,0.813,0.407,0.415,255
201704_T08_S1_I3,131,67.566,0.516,34.459,255
201704_T08_S2_I1,5,0.202,0.040,0.103,255
201704_T08_S2_I1,160,55.393,0.346,28.251,255
201704_T08_S2_I2,0,0.000,NaN,0.000,NaN
201704_T08_S2_I2,51,26.661,0.523,13.597,255
201704_T08_S2_I3,3,0.339,0.113,0.173,255
201704_T08_S2_I3,127,55.541,0.437,28.326,255
201704_T08_S3_I1,2,0.137,0.069,0.070,255
201704_T08_S3_I1,251,55.676,0.222,28.395,255
201704_T08_S3_I2,1,0.057,0.057,0.029,255
201704_T08_S3_I2,285,50.769,0.178,25.893,255
201704_T08_S3_I3,4,0.186,0.046,0.095,255
201704_T08_S3_I3,210,61.069,0.291,31.145,255
201704_T08_S4_I1,6,0.155,0.026,0.079,255
201704_T08_S4_I1,256,29.578,0.116,15.085,255
201704_T08_S4_I2,19,0.470,0.025,0.239,255
201704_T08_S4_I2,407,52.740,0.130,26.898,255
201704_T08_S4_I3,9,0.285,0.032,0.146,255
201704_T08_S4_I3,274,27.219,0.099,13.882,255
201704_T08_S5_I1,6,0.537,0.090,0.274,255
201704_T08_S5_I1,230,40.840,0.178,20.829,255
201704_T08_S5_I2,4,0.087,0.022,0.044,255
201704_T08_S5_I2,250,70.340,0.281,35.874,255
201704_T08_S5_I3,5,0.199,0.040,0.102,255
201704_T08_S5_I3,204,28.975,0.142,14.777,255
201704_T09_S1_I1,5,0.536,0.107,0.273,255
201704_T09_S1_I1,90,61.829,0.687,31.533,255
201704_T09_S1_I2,34,3.220,0.095,1.642,255
201704_T09_S1_I2,98,75.417,0.770,38.463,255
201704_T09_S1_I3,6,0.517,0.086,0.264,255
201704_T09_S1_I3,112,49.981,0.446,25.490,255
201704_T09_S2_I1,3,0.869,0.290,0.443,255
201704_T09_S2_I1,66,50.321,0.762,25.664,255
201704_T09_S2_I2,1,0.010,0.010,0.005,255
201704_T09_S2_I2,65,47.164,0.726,24.054,255
201704_T09_S2_I3,8,1.087,0.136,0.555,255
201704_T09_S2_I3,105,60.459,0.576,30.835,255
201704_T09_S3_I1,3,0.078,0.026,0.040,255
201704_T09_S3_I1,130,32.653,0.251,16.653,255
201704_T09_S3_I2,6,0.463,0.077,0.236,255
201704_T09_S3_I2,123,54.939,0.447,28.019,255
201704_T09_S4_I1,13,0.483,0.037,0.247,255
201704_T09_S4_I1,226,70.292,0.311,35.849,255
201704_T09_S4_I2,4,0.169,0.042,0.086,255
201704_T09_S4_I2,203,51.302,0.253,26.165,255
201704_T09_S4_I3,0,0.000,NaN,0.000,NaN
201704_T09_S4_I3,168,30.768,0.183,15.692,255
201704_T09_S5_I1,5,0.165,0.033,0.084,255
201704_T09_S5_I1,203,37.985,0.187,19.372,255
201704_T09_S5_I2,4,0.059,0.015,0.030,255
201704_T09_S5_I2,187,43.035,0.230,21.948,255
201704_T09_S5_I3,5,0.283,0.057,0.144,255
201704_T09_S5_I3,153,24.659,0.161,12.576,255
201704_T10_S1_I1,5,0.446,0.089,0.227,255
201704_T10_S1_I1,122,55.027,0.451,28.064,255
201704_T10_S1_I2,1,0.110,0.110,0.056,255
201704_T10_S1_I2,112,26.660,0.238,13.597,255
201704_T10_S1_I3,3,0.053,0.018,0.027,255
201704_T10_S1_I3,103,32.668,0.317,16.661,255
201704_T10_S2_I1,3,0.512,0.171,0.261,255
201704_T10_S2_I1,109,33.779,0.310,17.228,255
201704_T10_S2_I2,1,0.058,0.058,0.029,255
201704_T10_S2_I2,108,40.842,0.378,20.830,255
201704_T10_S2_I3,4,0.662,0.166,0.338,255
201704_T10_S2_I3,89,28.160,0.316,14.362,255
201704_T10_S3_I1,5,0.076,0.015,0.039,255
201704_T10_S3_I1,113,24.685,0.218,12.590,255
201704_T10_S3_I2,5,0.367,0.073,0.187,255
201704_T10_S3_I2,107,26.180,0.245,13.352,255
201704_T10_S3_I3,3,0.078,0.026,0.040,255
201704_T10_S3_I3,144,34.191,0.237,17.438,255
201704_T10_S4_I1,7,0.247,0.035,0.126,255
201704_T10_S4_I1,164,29.302,0.179,14.944,255
201704_T10_S4_I2,16,0.457,0.029,0.233,255
201704_T10_S4_I2,265,47.094,0.178,24.018,255
201704_T10_S4_I3,8,0.210,0.026,0.107,255
201704_T10_S4_I3,149,22.115,0.148,11.279,255
201704_T10_S5_I1,13,0.466,0.036,0.238,255
201704_T10_S5_I1,213,69.131,0.325,35.257,255
201704_T10_S5_I2,8,0.278,0.035,0.142,255
201704_T10_S5_I2,209,54.375,0.260,27.732,255
201704_T10_S5_I3,4,0.117,0.029,0.060,255
201704_T10_S5_I3,208,36.792,0.177,18.764,255
201704_T11_S1_I1,1,0.070,0.070,0.036,255
201704_T11_S1_I1,92,38.091,0.414,19.427,255
201704_T11_S1_I2,2,0.035,0.017,0.018,255
201704_T11_S1_I2,110,67.186,0.611,34.265,255
201704_T11_S1_I3,1,0.044,0.044,0.022,255
201704_T11_S1_I3,159,83.296,0.524,42.481,255
201704_T11_S2_I1,6,0.737,0.123,0.376,255
201704_T11_S2_I1,107,26.931,0.252,13.735,255
201704_T11_S2_I2,5,0.268,0.054,0.137,255
201704_T11_S2_I2,166,47.664,0.287,24.309,255
201704_T11_S2_I3,3,0.071,0.024,0.036,255
201704_T11_S2_I3,140,39.509,0.282,20.150,255
201704_T11_S3_I1,4,0.130,0.033,0.066,255
201704_T11_S3_I1,148,38.056,0.257,19.409,255
201704_T11_S3_I2,0,0.000,NaN,0.000,NaN
201704_T11_S3_I2,134,29.917,0.223,15.258,255
201704_T11_S3_I3,1,0.068,0.068,0.034,255
201704_T11_S3_I3,131,28.815,0.220,14.696,255
201704_T11_S4_I1,28,0.679,0.024,0.346,255
201704_T11_S4_I1,429,58.244,0.136,29.705,255
201704_T11_S4_I2,3,0.066,0.022,0.034,255
201704_T11_S4_I2,157,12.952,0.082,6.606,255
201704_T11_S4_I3,47,1.834,0.039,0.936,255
201704_T11_S4_I3,387,80.965,0.209,41.292,255
201704_T11_S5_I1,5,0.160,0.032,0.082,255
201704_T11_S5_I1,207,64.761,0.313,33.028,255
201704_T11_S5_I2,1,0.016,0.016,0.008,255
201704_T11_S5_I2,183,44.553,0.243,22.722,255
201704_T11_S5_I3,3,0.114,0.038,0.058,255
201704_T11_S5_I3,182,35.237,0.194,17.971,255
201704_T12_S1_I1,4,0.392,0.098,0.200,255
201704_T12_S1_I1,201,42.723,0.213,21.789,255
201704_T12_S1_I2,0,0.000,NaN,0.000,NaN
201704_T12_S1_I2,176,26.412,0.150,13.470,255
201704_T12_S1_I3,4,0.146,0.036,0.074,255
201704_T12_S1_I3,176,51.567,0.293,26.299,255
201704_T12_S2_I1,3,0.107,0.036,0.054,255
201704_T12_S2_I1,145,47.825,0.330,24.391,255
201704_T12_S2_I2,0,0.000,NaN,0.000,NaN
201704_T12_S2_I2,95,14.152,0.149,7.218,255
201704_T12_S2_I3,11,0.703,0.064,0.359,255
201704_T12_S2_I3,123,32.588,0.265,16.620,255
201704_T12_S3_I1,8,0.258,0.032,0.132,255
201704_T12_S3_I1,242,66.251,0.274,33.788,255
201704_T12_S3_I2,0,0.000,NaN,0.000,NaN
201704_T12_S3_I2,188,28.843,0.153,14.710,255
201704_T12_S3_I3,0,0.000,NaN,0.000,NaN
201704_T12_S3_I3,186,24.711,0.133,12.603,255
201704_T12_S4_I1,10,0.191,0.019,0.098,255
201704_T12_S4_I1,262,46.723,0.178,23.829,255
201704_T12_S4_I2,6,0.217,0.036,0.110,255
201704_T12_S4_I2,232,48.129,0.207,24.546,255
201704_T12_S4_I3,2,0.036,0.018,0.018,255
201704_T12_S4_I3,143,14.662,0.103,7.478,255
201704_T12_S5_I1,3,0.103,0.034,0.053,255
201704_T12_S5_I1,210,52.335,0.249,26.691,255
201704_T12_S5_I2,0,0.000,NaN,0.000,NaN
201704_T12_S5_I2,167,36.646,0.219,18.690,255
201704_T12_S5_I3,0,0.000,NaN,0.000,NaN
201704_T12_S5_I3,170,36.294,0.213,18.510,255
201704_T13_S1_I1,8,0.431,0.054,0.220,255
201704_T13_S1_I1,149,24.446,0.164,12.467,255
201704_T13_S1_I2,0,0.000,NaN,0.000,NaN
201704_T13_S1_I2,130,20.869,0.161,10.643,255
201704_T13_S1_I3,4,0.180,0.045,0.092,255
201704_T13_S1_I3,206,50.520,0.245,25.766,255
201704_T13_S2_I1,1,0.024,0.024,0.012,255
201704_T13_S2_I1,122,45.439,0.372,23.174,255
201704_T13_S2_I2,2,0.070,0.035,0.036,255
201704_T13_S2_I2,109,43.152,0.396,22.008,255
201704_T13_S2_I3,2,0.912,0.456,0.465,255
201704_T13_S2_I3,101,37.100,0.367,18.921,255
201704_T13_S3_I1,5,0.168,0.034,0.086,255
201704_T13_S3_I1,151,40.199,0.266,20.502,255
201704_T13_S3_I2,1,0.038,0.038,0.019,255
201704_T13_S3_I2,121,23.309,0.193,11.888,255
201704_T13_S3_I3,1,0.012,0.012,0.006,255
201704_T13_S3_I3,120,23.972,0.200,12.226,255
201704_T13_S4_I1,11,0.260,0.024,0.133,255
201704_T13_S4_I1,262,32.178,0.123,16.411,255
201704_T13_S4_I2,4,0.117,0.029,0.060,255
201704_T13_S4_I2,250,49.299,0.197,25.143,255
201704_T13_S4_I3,14,0.742,0.053,0.378,255
201704_T13_S4_I3,335,71.528,0.214,36.480,255
201704_T13_S5_I1,4,0.119,0.030,0.061,255
201704_T13_S5_I1,148,27.954,0.189,14.257,255
201704_T13_S5_I2,0,0.000,NaN,0.000,NaN
201704_T13_S5_I2,192,39.902,0.208,20.350,255
201704_T13_S5_I3,3,0.083,0.028,0.042,255
201704_T13_S5_I3,173,31.036,0.179,15.829,255
201704_T14_S1_I1,1,0.020,0.020,0.010,255
201704_T14_S1_I1,127,36.147,0.285,18.435,255
201704_T14_S1_I2,6,0.731,0.122,0.373,255
201704_T14_S1_I2,90,26.493,0.294,13.511,255
201704_T14_S1_I3,2,0.138,0.069,0.070,255
201704_T14_S1_I3,133,27.497,0.207,14.023,255
201704_T14_S2_I1,11,0.578,0.053,0.295,255
201704_T14_S2_I1,85,41.400,0.487,21.114,255
201704_T14_S2_I2,0,0.000,NaN,0.000,NaN
201704_T14_S2_I2,54,25.886,0.479,13.202,255
201704_T14_S2_I3,7,1.630,0.233,0.832,255
201704_T14_S2_I3,77,33.988,0.441,17.334,255
201704_T14_S3_I1,8,0.559,0.070,0.285,255
201704_T14_S3_I1,169,51.271,0.303,26.148,255
201704_T14_S3_I2,2,0.154,0.077,0.079,255
201704_T14_S3_I2,154,34.343,0.223,17.515,255
201704_T14_S3_I3,0,0.000,NaN,0.000,NaN
201704_T14_S3_I3,124,25.607,0.207,13.060,255
201704_T14_S4_I1,5,0.081,0.016,0.041,255
201704_T14_S4_I1,176,80.979,0.460,41.300,255
201704_T14_S4_I2,4,0.101,0.025,0.052,255
201704_T14_S4_I2,169,75.396,0.446,38.453,255
201704_T14_S4_I3,2,0.034,0.017,0.017,255
201704_T14_S4_I3,190,60.662,0.319,30.938,255
201704_T14_S5_I1,22,0.631,0.029,0.322,255
201704_T14_S5_I1,311,65.415,0.210,33.362,255
201704_T14_S5_I2,7,0.395,0.056,0.201,255
201704_T14_S5_I2,291,52.581,0.181,26.817,255
201704_T14_S5_I3,5,0.085,0.017,0.043,255
201704_T14_S5_I3,233,37.453,0.161,19.101,255
201704_T15_S1_I1,6,1.330,0.222,0.678,255
201704_T15_S1_I1,87,41.316,0.475,21.071,255
201704_T15_S1_I2,6,1.287,0.215,0.656,255
201704_T15_S1_I2,50,23.757,0.475,12.116,255
201704_T15_S1_I3,1,0.011,0.011,0.006,255
201704_T15_S1_I3,96,38.761,0.404,19.768,255
201704_T15_S2_I1,3,0.641,0.214,0.327,255
201704_T15_S2_I1,108,42.110,0.390,21.476,255
201704_T15_S2_I2,15,1.741,0.116,0.888,255
201704_T15_S2_I2,114,37.531,0.329,19.141,255
201704_T15_S2_I3,0,0.000,NaN,0.000,NaN
201704_T15_S2_I3,71,22.412,0.316,11.430,255
201704_T15_S3_I1,0,0.000,NaN,0.000,NaN
201704_T15_S3_I1,62,30.367,0.490,15.487,255
201704_T15_S3_I2,6,0.140,0.023,0.072,255
201704_T15_S3_I2,75,42.577,0.568,21.714,255
201704_T15_S3_I3,0,0.000,NaN,0.000,NaN
201704_T15_S3_I3,64,31.653,0.495,16.143,255
201704_T15_S4_I1,6,0.105,0.018,0.054,255
201704_T15_S4_I1,245,34.247,0.140,17.466,255
201704_T15_S4_I2,7,0.317,0.045,0.162,255
201704_T15_S4_I2,257,63.600,0.247,32.436,255
201704_T15_S4_I3,7,0.186,0.027,0.095,255
201704_T15_S4_I3,330,42.298,0.128,21.572,255
201704_T15_S5_I1,14,1.726,0.123,0.880,255
201704_T15_S5_I1,161,77.206,0.480,39.376,255
201704_T15_S5_I2,6,0.325,0.054,0.166,255
201704_T15_S5_I2,210,71.909,0.342,36.674,255
201704_T15_S5_I3,3,0.997,0.332,0.509,255
201704_T15_S5_I3,132,28.945,0.219,14.762,255
201704_T16_S1_I1,1,0.020,0.020,0.010,255
201704_T16_S1_I1,55,50.068,0.910,25.535,255
201704_T16_S1_I2,0,0.000,NaN,0.000,NaN
201704_T16_S1_I2,157,38.798,0.247,19.787,255
201704_T16_S1_I3,12,0.267,0.022,0.136,255
201704_T16_S1_I3,144,67.304,0.467,34.326,255
201704_T16_S2_I1,2,0.039,0.020,0.020,255
201704_T16_S2_I1,159,38.373,0.241,19.571,255
201704_T16_S2_I2,0,0.000,NaN,0.000,NaN
201704_T16_S2_I2,123,35.691,0.290,18.203,255
201704_T16_S2_I3,5,0.447,0.089,0.228,255
201704_T16_S2_I3,158,60.437,0.383,30.823,255
201704_T16_S3_I1,3,0.089,0.030,0.045,255
201704_T16_S3_I1,225,49.536,0.220,25.264,255
201704_T16_S3_I2,4,0.087,0.022,0.045,255
201704_T16_S3_I2,215,62.530,0.291,31.891,255
201704_T16_S3_I3,3,0.080,0.027,0.041,255
201704_T16_S3_I3,149,32.783,0.220,16.720,255
201704_T16_S4_I1,13,0.337,0.026,0.172,255
201704_T16_S4_I1,247,52.118,0.211,26.580,255
201704_T16_S4_I2,27,0.940,0.035,0.479,255
201704_T16_S4_I2,314,65.294,0.208,33.300,255
201704_T16_S4_I3,13,0.411,0.032,0.210,255
201704_T16_S4_I3,244,38.499,0.158,19.635,255
201704_T16_S5_I1,2,0.035,0.017,0.018,255
201704_T16_S5_I1,166,42.984,0.259,21.922,255
201704_T16_S5_I2,1,0.055,0.055,0.028,255
201704_T16_S5_I2,138,21.033,0.152,10.727,255
201704_T16_S5_I3,0,0.000,NaN,0.000,NaN
201704_T16_S5_I3,196,33.106,0.169,16.884,255
